{
  "prepare_queue": {
    "installed": [],
    "uninstalled": []
  },
  "config_munge": {
    "files": {
      "res/xml/config.xml": {
        "parents": {
          "/*": [
            {
              "xml": "<feature name=\"Contacts\"><param name=\"android-package\" value=\"org.apache.cordova.contacts.ContactManager\" /></feature>",
              "count": 1
            }
          ]
        }
      },
      "AndroidManifest.xml": {
        "parents": {
          "/*": [
            {
              "xml": "<uses-permission android:name=\"android.permission.READ_CONTACTS\" />",
              "count": 1
            },
            {
              "xml": "<uses-permission android:name=\"android.permission.WRITE_CONTACTS\" />",
              "count": 1
            },
            {
              "xml": "<uses-permission android:name=\"android.permission.GET_ACCOUNTS\" />",
              "count": 1
            }
          ]
        }
      }
    }
  },
  "installed_plugins": {
    "cordova-plugin-contacts": {
      "PACKAGE_NAME": "sn.esp.dgi.m1ia.contactel"
    }
  },
  "dependent_plugins": {},
  "modules": [
    {
      "id": "cordova-plugin-contacts.contacts",
      "file": "plugins/cordova-plugin-contacts/www/contacts.js",
      "pluginId": "cordova-plugin-contacts",
      "clobbers": [
        "navigator.contacts"
      ]
    },
    {
      "id": "cordova-plugin-contacts.Contact",
      "file": "plugins/cordova-plugin-contacts/www/Contact.js",
      "pluginId": "cordova-plugin-contacts",
      "clobbers": [
        "Contact"
      ]
    },
    {
      "id": "cordova-plugin-contacts.convertUtils",
      "file": "plugins/cordova-plugin-contacts/www/convertUtils.js",
      "pluginId": "cordova-plugin-contacts"
    },
    {
      "id": "cordova-plugin-contacts.ContactAddress",
      "file": "plugins/cordova-plugin-contacts/www/ContactAddress.js",
      "pluginId": "cordova-plugin-contacts",
      "clobbers": [
        "ContactAddress"
      ]
    },
    {
      "id": "cordova-plugin-contacts.ContactError",
      "file": "plugins/cordova-plugin-contacts/www/ContactError.js",
      "pluginId": "cordova-plugin-contacts",
      "clobbers": [
        "ContactError"
      ]
    },
    {
      "id": "cordova-plugin-contacts.ContactField",
      "file": "plugins/cordova-plugin-contacts/www/ContactField.js",
      "pluginId": "cordova-plugin-contacts",
      "clobbers": [
        "ContactField"
      ]
    },
    {
      "id": "cordova-plugin-contacts.ContactFindOptions",
      "file": "plugins/cordova-plugin-contacts/www/ContactFindOptions.js",
      "pluginId": "cordova-plugin-contacts",
      "clobbers": [
        "ContactFindOptions"
      ]
    },
    {
      "id": "cordova-plugin-contacts.ContactName",
      "file": "plugins/cordova-plugin-contacts/www/ContactName.js",
      "pluginId": "cordova-plugin-contacts",
      "clobbers": [
        "ContactName"
      ]
    },
    {
      "id": "cordova-plugin-contacts.ContactOrganization",
      "file": "plugins/cordova-plugin-contacts/www/ContactOrganization.js",
      "pluginId": "cordova-plugin-contacts",
      "clobbers": [
        "ContactOrganization"
      ]
    },
    {
      "id": "cordova-plugin-contacts.ContactFieldType",
      "file": "plugins/cordova-plugin-contacts/www/ContactFieldType.js",
      "pluginId": "cordova-plugin-contacts",
      "merges": [
        ""
      ]
    }
  ],
  "plugin_metadata": {
    "cordova-plugin-contacts": "3.0.1"
  }
}
